read_id,gene_name,species_name,frame,alignment_score,identity_percent,ref_start,ref_end,query_start,query_end,match_length,num_mutations,mutation_positions,mutation_changes,peptide_sequence,covers_qrdr_positions
3182,gyrA,Enterococcus_faecium,-3,199.0,100.0,75,123,1,49,49,0,none,none,MGKYHPHGDSSIYEALVVMAQDFKKGKILVDGHGNFGSIEGDGAAAMRY,83;87
3182,gyrA,Enterococcus_faecium,3,190.0,100.0,36,84,1,49,49,0,none,none,PDVRDGLKPVQRRTLYDMYELGIRYDRPYRKCARIVGDTMGKYHPHGD,83
2903,gyrA,Enterococcus_faecium,-2,164.0,100.0,68,109,9,50,42,0,none,none,ARIVGDTMGKYHPHGDSSIYESLVVMAQEFKKGMILVDGHGN,83;87
2903,gyrA,Enterococcus_faecium,-2,164.0,100.0,68,109,9,50,42,0,none,none,ARIVGDTMGKYHPHGDSSIYESLVVMAQEFKKGMILVDGHGN,83;87
5181,gyrA,Enterococcus_faecium,3,177.0,100.0,43,90,2,49,48,0,none,none,KPVHRRVIYAMYDGGYRPDRGYNKCSRVVGDVMGKYHPHGD,83;87
5181,gyrA,Enterococcus_faecium,-1,118.0,100.0,71,96,25,50,26,0,none,none,VGDVMGKYHPHGDSAIYDTLVRMAQ,83;87
1307,gyrA,Enterococcus_faecium,1,128.0,100.0,34,83,1,50,50,0,none,none,ALPDVRDGLKPVQRRTLYDMYELGIRYDKPYRKCARIVG,83
1224,gyrA,Enterococcus_faecium,1,152.0,100.0,79,127,2,50,49,0,none,none,HPHGDSAIYEAMVRLAQPFAMRLPLVDGHGNFGSLDDGPAASRYTEAR,83;87
6292,gyrA,Enterococcus_faecium,-3,208.0,100.0,50,92,7,49,43,0,none,none,LYGMNELGVTPDKPHKKSARITGDVMGKYHPHGD,83;87
6292,gyrA,Enterococcus_faecium,2,206.0,100.0,50,99,1,50,50,0,none,none,LYGMNELGVTPDKPHKKSARITGDVMGKYHPHGD,83;87
7611,gyrA,Enterococcus_faecium,3,164.0,100.0,47,92,4,49,46,0,none,none,RRILYSMIELNNGPDKPHRKCARIVGDTMGKYHPHGD,83;87
9855,gyrA,Enterococcus_faecium,2,129.0,100.0,66,101,15,50,36,0,none,none,KSARIVGDTMGKYHPHGD,83;87
1164,gyrA,Enterococcus_faecium,3,192.0,100.0,78,126,1,49,49,0,none,none,YHPHGDSSIYDALVVMAQDFKKGLPLVDGHGNFGSIEGDGAAAMRYTEA,83;87
9091,gyrA,Enterococcus_faecium,3,177.0,100.0,68,113,4,49,46,0,none,none,ARIVGDTMGKYHPHGDSSIYEALVVMAQDFKKGKTLVDGHGNFGS,83;87
9091,gyrA,Enterococcus_faecium,-1,197.0,100.0,69,118,1,50,50,0,none,none,RIVGDTMGKYHPHGDSSIYEALVVMAQDFKKGKTLVDGHGNFGS,83;87
9759,gyrA,Enterococcus_faecium,3,177.0,100.0,43,90,2,49,48,0,none,none,KPVHRRVIYAMYDGGYRPDRGYNKCSRVVGDVMGKYHPHGD,83;87
9874,gyrA,Enterococcus_faecium,1,205.0,100.0,35,84,1,50,50,0,none,none,LPDVRDGLKPVQRRILYSMIELNNGPDKPHRKCARIVGDTMGKYHPHGD,83
8153,gyrA,Enterococcus_faecium,-2,204.0,100.0,76,124,1,49,49,0,none,none,GKYHPHGDASVYDALVRLAQKFSMRYPLVDGHGNFGSVDGD,83;87
3637,gyrA,Enterococcus_faecium,3,177.0,100.0,43,90,2,49,48,0,none,none,KPVHRRVIYAMYDGGYRPDRGYNKCSRVVGDVMGKYHPHGD,83;87
6832,gyrA,Enterococcus_faecium,-3,222.0,100.0,76,123,1,48,48,0,none,none,GKYHPHGDSSVYDALVRMAQDFSMRYMLVDGHGNFGSVDGDSAAAMRY,83;87
6833,gyrA,Enterococcus_faecium,-2,222.0,100.0,76,123,2,49,48,0,none,none,GKYHPHGDSSVYDALVRMAQDFSMRYMLVDGHGNFGSVDGDSAAAMRY,83;87
1454,gyrA,Enterococcus_faecium,-3,118.0,100.0,71,96,23,48,26,0,none,none,VGDVMGKYHPHGDSAIYDTLVRMAQ,83;87
6303,gyrA,Enterococcus_faecium,-2,193.0,100.0,36,84,1,49,49,0,none,none,PDVRDGLKPVQRRTLYDMYELGIRYDKPYRKCARIVGDTMGKYHPHGD,83
2458,gyrA,Enterococcus_faecium,-1,192.0,100.0,77,126,1,50,50,0,none,none,KYHPHGDSSIYDALVVLSQDFKKGMALVDGHGNFGSIEGDGAAAMRYTEA,83;87
8960,gyrA,Enterococcus_faecium,-1,203.0,100.0,76,125,1,50,50,0,none,none,GKYHPHGDSAAYMTIVRMAQPFSLRYPLIFGQGNFGSIDGDSPAAMRYTE,83;87
2960,gyrA,Enterococcus_faecium,-1,129.0,100.0,66,95,21,50,30,0,none,none,KSARIVGDTMGKYHPHGD,83;87
368,gyrA,Enterococcus_faecium,-1,211.0,100.0,34,83,1,50,50,0,none,none,ALPDVRDGLKPVQRRILYSMIELNNGPDKPHRKCARIVGDTMGKYHPHGD,83
9240,gyrA,Enterococcus_faecium,-1,197.0,100.0,78,123,5,50,46,0,none,none,YHPHGDASVYDAMVRLAQDFSMRYMLVDGHGNFGS,83;87
3168,gyrA,Enterococcus_faecium,-1,233.0,100.0,73,122,1,50,50,0,none,none,DVMGKYHPHGDSSIYEAMVRMAQDFSYRYPLVDGQGNFGSMDGDGAAAMR,83;87
3168,gyrA,Enterococcus_faecium,3,229.0,100.0,44,92,1,49,49,0,none,none,PVHRRILYGLNEQGMTPDKSYKKSARIVGDVMGKYHPHGD,83;87
2902,gyrA,Enterococcus_faecium,1,153.0,100.0,47,93,3,49,47,0,none,none,RRILYSMIELNNGPDKPHRKCARIVGDTMGKYHPHGD,83;87
4874,gyrA,Enterococcus_faecium,-2,169.0,100.0,65,104,8,47,40,0,none,none,KKSARIVGDVIAKYHPHGDSSVYDAMVRMAQDFSYRY,83;87
5621,gyrA,Enterococcus_faecium,-2,196.0,100.0,39,87,1,49,49,0,none,none,RDGLKPVQRRILYSMIELNNGPDKPHRKCARIVGDTMGKYHPHGD,83;87
2902,gyrA,Enterococcus_faecium,-1,152.0,100.0,47,86,11,50,40,0,none,none,RRILYSMIELNNGPDKPHRKCARIVGDTMGKYHPHGD,83
4873,gyrA,Enterococcus_faecium,3,159.0,100.0,65,109,5,49,45,0,none,none,KKSARIVGDVIAKYHPHGDSSVYDAMVRMAQDFSYRY,83;87
4874,gyrA,Enterococcus_faecium,3,159.0,100.0,65,109,5,49,45,0,none,none,KKSARIVGDVIAKYHPHGDSSVYDAMVRMAQDFSYRY,83;87
5304,gyrA,Enterococcus_faecium,-3,207.0,100.0,75,123,1,49,49,0,none,none,MGKYHPHGDSSIYESLVVMAQEFKKGMILVDGHGNFGSIDGDGAAAMRY,83;87
5621,gyrA,Enterococcus_faecium,3,174.0,100.0,33,77,5,49,45,0,none,none,RALPDVRDGLKPVQRRILYSMIELNNGPDKPHRKCARIVGD,none
3006,gyrA,Enterococcus_faecium,-1,170.0,100.0,33,78,5,50,46,0,none,none,RALPDVRDGLKPVQRRTLYDMYELGIRYDRPYRKCARIVGD,none
3013,gyrA,Enterococcus_faecium,-1,170.0,100.0,33,78,5,50,46,0,none,none,RALPDVRDGLKPVQRRTLYDMYELGIRYDRPYRKCARIVGD,none
6233,gyrA,Enterococcus_faecium,-3,118.0,100.0,71,96,23,48,26,0,none,none,VGDVMGKYHPHGDSAIYDTLVRMAQ,83;87
2559,gyrA,Enterococcus_faecium,-1,175.0,100.0,33,79,4,50,47,0,none,none,RALPDVRDGLKPVHRRILYAMYDGGYRPNAAFSKSSRVVGDVMG,none
4446,gyrA,Enterococcus_faecium,2,170.0,100.0,78,127,1,50,50,0,none,none,YHPHGDSSIYESLVVMSQDFKKGVPLVDGHGNFGSIEGDGAAAMR,83;87
4447,gyrA,Enterococcus_faecium,2,170.0,100.0,78,127,1,50,50,0,none,none,YHPHGDSSIYESLVVMSQDFKKGVPLVDGHGNFGSIEGDGAAAMR,83;87
4447,gyrA,Enterococcus_faecium,-2,174.0,100.0,78,122,6,50,45,0,none,none,YHPHGDSSIYESLVVMSQDFKKGVPLVDGHGNFGSIEGDGAAAMR,83;87
7803,gyrA,Enterococcus_faecium,-3,180.0,100.0,79,123,1,45,45,0,none,none,HPHGDSSIYESLVVMAQEFKKGMVLVDGHGNFGSIEGDGAAAMRY,83;87
2145,gyrA,Enterococcus_faecium,3,117.0,100.0,66,90,25,49,25,0,none,none,KSARIVGDTMGKYHPHGD,83;87
6272,gyrA,Enterococcus_faecium,2,175.0,100.0,33,79,4,50,47,0,none,none,RALPDVRDGLTPVQRRTLYDMYELGIRYDKPYRKCARIVGDTMGKYH,none
6273,gyrA,Enterococcus_faecium,2,175.0,100.0,33,79,4,50,47,0,none,none,RALPDVRDGLTPVQRRTLYDMYELGIRYDKPYRKCARIVGDTMGKYH,none
940,gyrA,Enterococcus_faecium,3,177.0,100.0,43,90,2,49,48,0,none,none,KPVHRRVIYAMYDGGYRPDRGYNKCSRVVGDVMGKYHPHGD,83;87
1336,gyrA,Enterococcus_faecium,-2,193.0,100.0,36,84,1,49,49,0,none,none,PDVRDGLKPVQRRTLYDMYELGIRYDKPYRKCARIVGDTMGKYHPHGD,83
8455,gyrA,Enterococcus_faecium,3,173.0,100.0,33,77,5,49,45,0,none,none,RALPDVRDGLKPVQRRVLYSMIELNNGPDKPHRKCARIVGD,none
8455,gyrA,Enterococcus_faecium,3,173.0,100.0,33,77,5,49,45,0,none,none,RALPDVRDGLKPVQRRVLYSMIELNNGPDKPHRKCARIVGD,none
8455,gyrA,Enterococcus_faecium,-1,102.0,100.0,68,108,9,49,41,0,none,none,ARIVGDTMGKYHPHGDSSIYGALVNMAQESTRYPLVDGHGN,83;87
2810,gyrA,Enterococcus_faecium,-3,192.0,100.0,75,122,2,49,48,0,none,none,MGKYHPHGDSSIYEALVVMAQDFKKGKILVDGHGNFGSIEGDGAAAMR,83;87
3002,gyrA,Enterococcus_faecium,-3,198.0,100.0,75,123,1,49,49,0,none,none,MGKYHPHGDSSIYEALVVMAQDFKKGMVMVDGHGNFGSIEGDGAAAMRY,83;87
8455,gyrA,Enterococcus_faecium,-1,102.0,100.0,68,108,9,49,41,0,none,none,ARIVGDTMGKYHPHGDSSIYGALVNMAQESTRYPLVDGHGN,83;87
2810,gyrA,Enterococcus_faecium,1,178.0,100.0,33,79,4,50,47,0,none,none,RALPDVRDGLKPVQRRTLYDMYELGIRYDRPYRKCARIVGDTMGKYH,none
3002,gyrA,Enterococcus_faecium,1,194.0,100.0,35,84,1,50,50,0,none,none,LPDVRDGLKPVQRRTLYDMYELGIRYDRPYRKCARIVGDTMGKYHPHGD,83
813,gyrA,Enterococcus_faecium,1,170.0,100.0,47,94,3,50,48,0,none,none,RRILYAMIELNNGPDKPHRKCARIVGDTMGKYHPHGD,83;87
7728,gyrA,Enterococcus_faecium,-2,210.0,100.0,34,83,1,50,50,0,none,none,ALPDVRDGLKPVQRRVLYSMIELNNGPDKPHRKCARIVGDTMGKYHPHGD,83
7765,gyrA,Enterococcus_faecium,-2,210.0,100.0,34,83,1,50,50,0,none,none,ALPDVRDGLKPVQRRVLYSMIELNNGPDKPHRKCARIVGDTMGKYHPHGD,83
7560,gyrA,Enterococcus_faecium,-3,182.0,100.0,78,119,8,49,42,0,none,none,YHPHGDASVYDAMVRLAQDFSMRYMLVDGHGNFGS,83;87
2584,gyrA,Enterococcus_faecium,3,158.0,100.0,68,109,8,49,42,0,none,none,ARIVGDTMGKYHPHGDSSIYEALVVMAQDFKKGKTLVDGHGN,83;87
2585,gyrA,Enterococcus_faecium,3,158.0,100.0,68,109,8,49,42,0,none,none,ARIVGDTMGKYHPHGDSSIYEALVVMAQDFKKGKTLVDGHGN,83;87
2585,gyrA,Enterococcus_faecium,-2,197.0,100.0,76,124,1,49,49,0,none,none,GKYHPHGDSSIYEALVVMAQDFKKGKTLVDGHGNFGSIEGDGAAAMRYT,83;87
2579,gyrA,Enterococcus_faecium,-2,158.0,100.0,68,109,9,50,42,0,none,none,ARIVGDTMGKYHPHGDSSIYEALVVMAQDFKKGKTLVDGHGN,83;87
2578,gyrA,Enterococcus_faecium,2,154.0,100.0,68,115,2,49,48,0,none,none,ARIVGDTMGKYHPHGDSSIYEALVVMAQDFKKGKTLVDGHGN,83;87
2579,gyrA,Enterococcus_faecium,2,154.0,100.0,68,115,2,49,48,0,none,none,ARIVGDTMGKYHPHGDSSIYEALVVMAQDFKKGKTLVDGHGN,83;87
8616,gyrA,Enterococcus_faecium,-2,177.0,100.0,47,96,1,50,50,0,none,none,RRILYSMIELNNGPDKPHRKCARIVGDTMGKYHPHGD,83;87
110,gyrA,Enterococcus_faecium,-1,242.0,100.0,76,125,1,50,50,0,none,none,GKYHPHGDSSIYEALVRMAQDFSYRYMIVDGHGNFGSIDGDGAAA,83;87
110,gyrA,Enterococcus_faecium,3,234.0,100.0,74,122,1,49,49,0,none,none,VMGKYHPHGDSSIYEALVRMAQDFSYRYMIVDGHGNFGSIDGDGAAA,83;87
6124,gyrA,Enterococcus_faecium,-3,160.0,100.0,33,77,5,49,45,0,none,none,RALPDVRDGLKPVQRRTLYDMYEWGIRYDKPYRKCARIVGD,none
6178,gyrA,Enterococcus_faecium,-3,166.0,100.0,33,77,5,49,45,0,none,none,RALPDVRDGLKPVQRRTLYDMYELGIRYDKPYRKCARIVGD,none
9218,gyrA,Enterococcus_faecium,2,195.0,100.0,78,126,1,49,49,0,none,none,YHPHGDSSIYEALVVMAQDFKKGKTLVDGHGNFGSIEGDGAAAMRYTEA,83;87
8600,gyrA,Enterococcus_faecium,3,196.0,100.0,75,122,2,49,48,0,none,none,MGKYHPHGDSSIYESLVVMAQEFKKGMVLVDGHGNFGSIEGDGAAAMR,83;87
9341,gyrA,Enterococcus_faecium,-1,198.0,100.0,37,86,1,50,50,0,none,none,DVRDGLKPVQRRVLYSMIELNNGPDKPHRKCARIVGDTMGKYHPHGD,83
8921,gyrA,Enterococcus_faecium,-2,194.0,100.0,39,88,1,50,50,0,none,none,RDGLKPVQRRILYAMIELNNGPDKPHRKCARIVGDTMGKYHPHGD,83;87
5847,gyrA,Enterococcus_faecium,-1,184.0,100.0,39,86,3,50,48,0,none,none,RDGLKPVQRRVLFSMIELNNGPDKPHRKCARIVGDTMGKYHPHGD,83
4497,gyrA,Enterococcus_faecium,-3,233.0,100.0,76,123,2,49,48,0,none,none,GKYHPHGDTAVYDAMVRMAQDFSYRYMLVQGHGNFGSMDGDGAAAMRY,83;87
4497,gyrA,Enterococcus_faecium,1,234.0,100.0,76,125,1,50,50,0,none,none,GKYHPHGDTAVYDAMVRMAQDFSYRYMLVQGHGNFGSMDGDGAAAMRYT,83;87
7556,gyrA,Enterococcus_faecium,1,187.0,100.0,78,123,5,50,46,0,none,none,YHPHGDASVYDALVRLAQDFSMRYPLVDGHGNFGS,83;87
2428,gyrA,Enterococcus_faecium,1,150.0,100.0,32,81,1,50,50,0,none,none,ARALPDVRDGLKPVQRRTLYDMYELGIRYDRPYRKCARIVGD,none
8062,gyrA,Enterococcus_faecium,-2,192.0,100.0,78,123,4,49,46,0,none,none,YHPHGDQSVYDALVRLAQDFSMRYMLVEGHGNFGSVDGD,83;87
4172,gyrA,Enterococcus_faecium,-2,199.0,100.0,76,123,2,49,48,0,none,none,GKYHPHGDTAVYYAMVRMAQDFATRAPLVDGHGNFGSVDGDAPAAMRY,83;87
4177,gyrA,Enterococcus_faecium,-2,199.0,100.0,76,123,2,49,48,0,none,none,GKYHPHGDTAVYYAMVRMAQDFATRAPLVDGHGNFGSVDGDAPAAMRY,83;87
9247,gyrA,Enterococcus_faecium,1,203.0,100.0,76,124,1,49,49,0,none,none,GKYHPHGDSSIYESLVVMAQEFKKGMVLVDGHGNFGSIEGDGAAAMRYT,83;87
4172,gyrA,Enterococcus_faecium,-2,199.0,100.0,76,123,2,49,48,0,none,none,GKYHPHGDTAVYYAMVRMAQDFATRAPLVDGHGNFGSVDGDAPAAMRY,83;87
1729,gyrA,Enterococcus_faecium,3,192.0,100.0,38,86,1,49,49,0,none,none,VRDGLKPVQRRVLYSMIELNNGPDKPHRKCARIVGDTMGKYHPHGD,83
5950,gyrA,Enterococcus_faecium,2,156.0,100.0,33,76,6,49,44,0,none,none,RALPDVRDGMKPVHRRVIYAMYDGGYRPDRGYNNCSRVVGDVMG,none
5951,gyrA,Enterococcus_faecium,2,156.0,100.0,33,76,6,49,44,0,none,none,RALPDVRDGMKPVHRRVIYAMYDGGYRPDRGYNNCSRVVGDVMG,none
6024,gyrA,Enterococcus_faecium,2,161.0,100.0,33,76,6,49,44,0,none,none,RALPDVRDGMKPVHRRVIYAMYDGGYRPDRGYNKCSRVVGDVMG,none
6025,gyrA,Enterococcus_faecium,2,161.0,100.0,33,76,6,49,44,0,none,none,RALPDVRDGMKPVHRRVIYAMYDGGYRPDRGYNKCSRVVGDVMG,none
1729,gyrA,Enterococcus_faecium,-1,185.0,100.0,41,90,1,50,50,0,none,none,GLKPVQRRVLYSMIELNNGPDKPHRKCARIVGDTMGKYHPHGD,83;87
6025,gyrA,Enterococcus_faecium,-1,173.0,100.0,33,78,5,50,46,0,none,none,RALPDVRDGMKPVHRRVIYAMYDGGYRPDRGYNKCSRVVGDVMGKY,none
5458,gyrA,Enterococcus_faecium,-1,206.0,100.0,37,86,1,50,50,0,none,none,DVRDGLKPVQRRILYSMIELNNTPDKPHRKCARIVGDTMGKYHPHGD,83
5505,gyrA,Enterococcus_faecium,-1,206.0,100.0,37,86,1,50,50,0,none,none,DVRDGLKPVQRRILYSMIELNNTPDKPHRKCARIVGDTMGKYHPHGD,83
1453,gyrA,Enterococcus_faecium,2,197.0,100.0,36,85,1,50,50,0,none,none,PDVRDGMKPVHRRVIYAMYDGGYRPDRGYNKCSRVVGDVMGKYHPHGD,83
1454,gyrA,Enterococcus_faecium,2,197.0,100.0,36,85,1,50,50,0,none,none,PDVRDGMKPVHRRVIYAMYDGGYRPDRGYNKCSRVVGDVMGKYHPHGD,83
4789,gyrA,Enterococcus_faecium,2,199.0,100.0,33,81,2,50,49,0,none,none,RALPDVRDGLKPVHRRILYTMYENGLTPDQAYRKCADTVGSVLGKYHPH,none
7085,gyrA,Enterococcus_faecium,-1,213.0,100.0,47,90,7,50,44,0,none,none,RRILYGMNELGVTPDKPHKKSARITGDVMGKYHP,83;87
7084,gyrA,Enterococcus_faecium,3,210.0,100.0,47,92,4,49,46,0,none,none,RRILYGMNELGVTPDKPHKKSARITGDVMGKYHP,83;87
7085,gyrA,Enterococcus_faecium,3,210.0,100.0,47,92,4,49,46,0,none,none,RRILYGMNELGVTPDKPHKKSARITGDVMGKYHP,83;87
4701,gyrA,Enterococcus_faecium,-2,174.0,100.0,79,123,4,48,45,0,none,none,HPHGDSSIYESLVVMSQDFKKGVPLVDGHGNFGSIEGDGAAAMRY,83;87
4701,gyrA,Enterococcus_faecium,3,172.0,100.0,79,127,1,49,49,0,none,none,HPHGDSSIYESLVVMSQDFKKGVPLVDGHGNFGSIEGDGAAAMRYT,83;87
3260,gyrA,Enterococcus_faecium,-3,118.0,100.0,71,96,23,48,26,0,none,none,VGDVMGKYHPHGDSAIYDTLVRMAQ,83;87
8025,gyrA,Enterococcus_faecium,1,203.0,100.0,76,124,1,49,49,0,none,none,GKYHPHGDSSIYESLVVMAQEFKKGMVLVDGHGNFGSIEGDGAAAMRYT,83;87
4182,gyrA,Enterococcus_faecium,1,154.0,100.0,68,108,4,44,41,0,none,none,ARIVGDTMGKYHPHGDSSIYEALVVMAQDFKKGKILVDGHG,83;87
2352,gyrA,Enterococcus_faecium,2,155.0,100.0,36,85,1,50,50,0,none,none,PDVRDGLKPVQRRVLYSMIELNNGPDKPHRKCARIVGD,83
2353,gyrA,Enterococcus_faecium,2,155.0,100.0,36,85,1,50,50,0,none,none,PDVRDGLKPVQRRVLYSMIELNNGPDKPHRKCARIVGD,83
2353,gyrA,Enterococcus_faecium,-1,167.0,100.0,36,78,8,50,43,0,none,none,PDVRDGLKPVQRRVLYSMIELNNGPDKPHRKCARIVGD,none
8959,gyrA,Enterococcus_faecium,1,172.0,100.0,68,111,7,50,44,0,none,none,ARIVGDTMGKYHPHGDSSIYEALVVMAQDFKKGKILVDGHGNFG,83;87
2353,gyrA,Enterococcus_faecium,-1,167.0,100.0,36,78,8,50,43,0,none,none,PDVRDGLKPVQRRVLYSMIELNNGPDKPHRKCARIVGD,none
5567,gyrA,Enterococcus_faecium,1,239.0,100.0,35,84,1,50,50,0,none,none,LPDVRDGLKPVQRRILYWMNELGVTPDKHHKKSARITGDVMGKY,83
9505,gyrA,Enterococcus_faecium,-1,198.0,100.0,37,86,1,50,50,0,none,none,DVRDGLKPVQRRVLYSMIELNNGPDKPHRKCARIVGDTMGKYHPHGD,83
9472,gyrA,Enterococcus_faecium,-2,193.0,100.0,75,122,3,50,48,0,none,none,MGKYHPHGDSSIYESLVVMAQEFKKGMVLVDGHGNFGSIEGDGAAA,83;87
9472,gyrA,Enterococcus_faecium,-2,193.0,100.0,75,122,3,50,48,0,none,none,MGKYHPHGDSSIYESLVVMAQEFKKGMVLVDGHGNFGSIEGDGAAA,83;87
9584,gyrA,Enterococcus_faecium,-1,224.0,100.0,33,78,5,50,46,0,none,none,RALPDVRDGLKPVQRRILYGMNELGVTPD,none
3074,gyrA,Enterococcus_faecium,3,206.0,100.0,35,83,1,49,49,0,none,none,LPDVRDGLKPVQRRVLYSMIELNNGPDKPHRKCARIVGDTMGKYHPHGD,83
4922,gyrA,Enterococcus_faecium,1,216.0,100.0,29,78,1,50,50,0,none,none,VIVARALPDVRDGFKPVHRRILYGMIELGNTSDKAYKKSARIVG,none
4928,gyrA,Enterococcus_faecium,1,216.0,100.0,29,78,1,50,50,0,none,none,VIVARALPDVRDGFKPVHRRILYGMIELGNTSDKAYKKSARIVG,none
3223,gyrA,Enterococcus_faecium,1,156.0,100.0,68,108,10,50,41,0,none,none,ARIVGDTMGKYHPHGDSSIYESLVVMAQEFKKGQTLVDGHG,83;87
655,gyrA,Enterococcus_faecium,-1,199.0,100.0,37,86,1,50,50,0,none,none,DVRDGLKPVQRRILYSMIELNNGPDKPHRKCARIVGDTMGKYHPHGD,83
4210,gyrA,Enterococcus_faecium,-1,171.0,100.0,33,78,5,50,46,0,none,none,RALPDVRDGLKPVHRRILY,none
9107,gyrA,Enterococcus_faecium,-3,233.0,100.0,76,123,2,49,48,0,none,none,GKYHPHGDTAVYDAMVRMAQDFSYRYMLVQGHGNFGSMDGDGAAAMRY,83;87
9107,gyrA,Enterococcus_faecium,1,234.0,100.0,76,125,1,50,50,0,none,none,GKYHPHGDTAVYDAMVRMAQDFSYRYMLVQGHGNFGSMDGDGAAAMRYT,83;87
1966,gyrA,Enterococcus_faecium,1,174.0,100.0,68,112,6,50,45,0,none,none,ARIVGDTMGKYHPHGDSSIYEALVVMAQDFKKGKTLVDGHGNFGS,83;87
8439,gyrA,Enterococcus_faecium,-1,185.0,100.0,33,80,3,50,48,0,none,none,RALPDVRDGLKPVQRRTLYDMYELGIRYDRPYRKCARIVGDTMGKYHP,none
6919,gyrA,Enterococcus_faecium,-1,152.0,100.0,68,108,10,50,41,0,none,none,ARIVGDTMGKYHPHGDSSIYEYLVVMAQEFKKGMVLVDGHG,83;87
4182,gyrA,Enterococcus_faecium,2,161.0,100.0,33,76,6,49,44,0,none,none,RALPDVRDGMKPVHRRVIYAMYDGGYRPDRGYNKCSRVVGDVMG,none
4183,gyrA,Enterococcus_faecium,2,161.0,100.0,33,76,6,49,44,0,none,none,RALPDVRDGMKPVHRRVIYAMYDGGYRPDRGYNKCSRVVGDVMG,none
6480,gyrA,Enterococcus_faecium,-1,188.0,100.0,41,90,1,50,50,0,none,none,GLKPVQRRTLYDMYELGIRYDKPYRKCARIVGDTMGKYHPHGD,83;87
4183,gyrA,Enterococcus_faecium,2,161.0,100.0,33,76,6,49,44,0,none,none,RALPDVRDGMKPVHRRVIYAMYDGGYRPDRGYNKCSRVVGDVMG,none
400,gyrA,Enterococcus_faecium,-1,158.0,100.0,68,109,9,50,42,0,none,none,ARIVGDTMGKYHPHGDSSIYEALVVMAQDFKKGKTLVDGHGN,83;87
430,gyrA,Enterococcus_faecium,-1,158.0,100.0,68,109,9,50,42,0,none,none,ARIVGDTMGKYHPHGDSSIYEALVVMAQDFKKGKTLVDGHGN,83;87
7613,gyrA,Enterococcus_faecium,2,183.0,100.0,68,113,4,49,46,0,none,none,ARIVGDTMGKYHPHGDSSIYESLVVMAQEFKKGMVLVDGHGNFGS,83;87
7049,gyrA,Enterococcus_faecium,-2,174.0,100.0,43,88,5,50,46,0,none,none,KPVHRRVIYAMYDGGYRPDRGYNKCSRVVGDVMGKYHPHGD,83;87
3403,gyrA,Enterococcus_faecium,-1,192.0,100.0,68,117,1,50,50,0,none,none,ARIVGDTMGKYHPHGDSSIYDTLVVMSQEFKKGMALVDGHGNFGS,83;87
3404,gyrA,Enterococcus_faecium,-1,192.0,100.0,68,117,1,50,50,0,none,none,ARIVGDTMGKYHPHGDSSIYDTLVVMSQEFKKGMALVDGHGNFGS,83;87
7651,gyrA,Enterococcus_faecium,-1,203.0,100.0,34,83,1,50,50,0,none,none,ALPDVRDGLKPVQRRTLYDMYELGIRYDKPYRKCARIVGDTMGKYHPHGD,83
4644,gyrA,Enterococcus_faecium,1,195.0,100.0,38,87,1,50,50,0,none,none,VRDGLKPVQRRVLYSMIELNNGPDKPHRKCARIVGDTVGKYHPHGD,83;87
4645,gyrA,Enterococcus_faecium,1,195.0,100.0,38,87,1,50,50,0,none,none,VRDGLKPVQRRVLYSMIELNNGPDKPHRKCARIVGDTVGKYHPHGD,83;87
6487,gyrA,Enterococcus_faecium,-1,186.0,100.0,40,89,1,50,50,0,none,none,DGLKPVQRRTLYDMYELGIRYDRPYRKCARIVGDTMGKYHPHGD,83;87
8866,gyrA,Enterococcus_faecium,-2,167.0,100.0,33,78,5,50,46,0,none,none,RALPDVRDGMKPVHRRVIYAMYDGGYRPDRGYNTCSRVVGDVMGKY,none
4630,gyrA,Enterococcus_faecium,-1,158.0,100.0,68,108,10,50,41,0,none,none,ARIVGDTMGKYHPHGDSSIYESLVVMAQEFKKGMVLVDGHG,83;87
4630,gyrA,Enterococcus_faecium,1,181.0,100.0,33,79,4,50,47,0,none,none,RALPDVRDGLKPVQRRTLYDMYELGIRYDKPYRKCARIVGDTMGKYH,none
8064,gyrA,Enterococcus_faecium,-1,186.0,100.0,33,80,3,50,48,0,none,none,RALPDVRDGLKPVHRRILY,none
8110,gyrA,Enterococcus_faecium,-1,186.0,100.0,33,80,3,50,48,0,none,none,RALPDVRDGLKPVHRRILY,none
2361,gyrA,Enterococcus_faecium,3,183.0,100.0,66,114,1,49,49,0,none,none,KSARIVGDTMGKYHPHGDSSIYDTLVVMSQEFKKGMALVDGHGNFGS,83;87
7643,gyrA,Enterococcus_faecium,2,199.0,100.0,38,87,1,50,50,0,none,none,VRDGLKPVQRRVLYSMIELNNGPDKPHRKCARIVGDTMGKYHPHGD,83;87
7644,gyrA,Enterococcus_faecium,2,199.0,100.0,38,87,1,50,50,0,none,none,VRDGLKPVQRRVLYSMIELNNGPDKPHRKCARIVGDTMGKYHPHGD,83;87
1015,gyrA,Enterococcus_faecium,3,193.0,100.0,39,87,1,49,49,0,none,none,RDGLKPVQRRVLYDMSQLRLDYDKPHRKSARIVGDTMGKYHPHGD,83;87
1015,gyrA,Enterococcus_faecium,-1,192.0,100.0,75,123,2,50,49,0,none,none,MGKYHPHGDSSIYDTLVVMSQEFKKGMALVDGHGNFGSIEGDGAAAMRY,83;87
5342,gyrA,Enterococcus_faecium,-1,118.0,100.0,71,96,25,50,26,0,none,none,VGDVMGKYHPHGDSAIYDTLVRMAQ,83;87
7488,gyrA,Enterococcus_faecium,1,216.0,100.0,33,81,2,50,49,0,none,none,RALPDVRDGLKPVHRRILYSMNDLGMHSDKPYKKSARIVGD,none
7489,gyrA,Enterococcus_faecium,1,216.0,100.0,33,81,2,50,49,0,none,none,RALPDVRDGLKPVHRRILYSMNDLGMHSDKPYKKSARIVGD,none
7489,gyrA,Enterococcus_faecium,-2,207.0,100.0,39,87,1,49,49,0,none,none,RDGLKPVHRRILYSMNDLGMHSDKPYKKSARIVGDVIAKYHPHGD,83;87
4904,gyrA,Enterococcus_faecium,1,190.0,100.0,39,84,5,50,46,0,none,none,RDGLKPVQRRVLYSMDELGLRYDRPHRKSARIVGDTMGKYHPHGD,83
4904,gyrA,Enterococcus_faecium,-2,176.0,100.0,75,119,5,49,45,0,none,none,MGKYHPHGDSSIYESLVVMSQDFKKGVPLVDGHGNFGSIEGDGAA,83;87
8154,gyrA,Enterococcus_faecium,-2,89.0,100.0,65,81,33,49,17,0,none,none,KKSARIVGEVMGKYHPH,none
8872,gyrA,Enterococcus_faecium,-1,200.0,100.0,76,121,5,50,46,0,none,none,GKYHPHGDISVYDAIVRLAQNFSTRYLMVDGHGNFGSVDGD,83;87
8033,gyrA,Enterococcus_faecium,2,180.0,100.0,76,118,8,50,43,0,none,none,GKYHPHGDASVYDALVRLAQKFSMRYPLVDGHGNFGSVDGD,83;87
1731,gyrA,Enterococcus_faecium,-3,118.0,100.0,71,96,23,48,26,0,none,none,VGDVMGKYHPHGDSAIYDTLVRMAQ,83;87
5212,gyrA,Enterococcus_faecium,3,173.0,100.0,33,77,5,49,45,0,none,none,RALPDVRDGLKPVQRRVLYSMIELNNGPDKPHRKCARIVGD,none
5212,gyrA,Enterococcus_faecium,-3,203.0,100.0,33,81,1,49,49,0,none,none,RALPDVRDGLKPVQRRVLYSMIELNNGPDKPHRKCARIVGDTMGKYHPH,none
650,gyrA,Enterococcus_faecium,3,177.0,100.0,43,90,2,49,48,0,none,none,KPVHRRVIYAMYDGGYRPDRGYNKCSRVVGDVMGKYHPHGD,83;87
650,gyrA,Enterococcus_faecium,-3,118.0,100.0,71,96,23,48,26,0,none,none,VGDVMGKYHPHGDSAIYDTLVRMAQ,83;87
650,gyrA,Enterococcus_faecium,-3,118.0,100.0,71,96,23,48,26,0,none,none,VGDVMGKYHPHGDSAIYDTLVRMAQ,83;87
5390,gyrA,Enterococcus_faecium,-2,210.0,100.0,34,83,1,50,50,0,none,none,ALPDVRDGLKPVQRRVLYSMIELNNGPDKPHRKCARIVGDTMGKYHPHGD,83
5390,gyrA,Enterococcus_faecium,-2,210.0,100.0,34,83,1,50,50,0,none,none,ALPDVRDGLKPVQRRVLYSMIELNNGPDKPHRKCARIVGDTMGKYHPHGD,83
9772,gyrA,Enterococcus_faecium,-1,198.0,100.0,37,86,1,50,50,0,none,none,DVRDGLKPVQRRVLYSMIELNNGPDKPHRKCARIVGDTMGKYHPHGD,83
9775,gyrA,Enterococcus_faecium,-1,175.0,100.0,37,86,1,50,50,0,none,none,DVRDGLYPGQRRVLYSMIELNNGPVKPHRKCARIVGDTMGKYHPHGD,83
8786,gyrA,Enterococcus_faecium,-2,230.0,100.0,75,123,1,49,49,0,none,none,MGKYHPHGDSSIYEAMVRMAQDFSYRYPLVDGQGNFGSMDGDGAAAMRY,83;87
8786,gyrA,Enterococcus_faecium,3,220.0,100.0,67,114,1,48,48,0,none,none,SARIVGDVMGKYHPHGDSSIYEAMVRMAQDFSYRYPLVDGQGNFGS,83;87
3943,gyrA,Enterococcus_faecium,1,203.0,100.0,34,83,1,50,50,0,none,none,ALPDVRDGLKPVQRRTLYDMYELGIRYDKPYRKCARIVGDTMGKYHPHGD,83
3943,gyrA,Enterococcus_faecium,-1,208.0,100.0,76,125,1,50,50,0,none,none,GKYHPHGDSSIYESLVVMAQEFKKGMVLVDGHGNFGSIEGDGAAAMRYTE,83;87
5334,gyrA,Enterococcus_faecium,-3,118.0,100.0,71,96,23,48,26,0,none,none,VGDVMGKYHPHGDSAIYDTLVRMAQ,83;87
5334,gyrA,Enterococcus_faecium,2,161.0,100.0,33,76,6,49,44,0,none,none,RALPDVRDGMKPVHRRVIYAMYDGGYRPDRGYNKCSRVVGDVMG,none
