Species,Gene,Mutation Position,Wild-type Amino Acid,Mutant Amino Acid
Escherichia coli,gyrA,83,S,L
Escherichia coli,gyrA,83,S,F
Escherichia coli,gyrA,83,S,Y
Escherichia coli,gyrA,83,S,I
Escherichia coli,gyrA,87,D,N
Escherichia coli,gyrA,87,D,Y
Escherichia coli,gyrA,87,D,G
Escherichia coli,gyrA,87,D,H
Escherichia coli,parC,80,S,I
Escherichia coli,parC,80,S,R
Escherichia coli,parC,84,E,K
Salmonella enterica,gyrA,83,S,F
Salmonella enterica,gyrA,83,S,Y
Salmonella enterica,gyrA,87,D,N
Salmonella enterica,gyrA,87,D,Y
Salmonella enterica,gyrA,87,D,G
Salmonella enterica,gyrA,87,D,H
Campylobacter jejuni,gyrA,86,T,I
Clostridioides difficile,gyrA,82,T,I
Klebsiella pneumoniae,gyrA,83,S,F
Klebsiella pneumoniae,gyrA,83,S,Y
Klebsiella pneumoniae,gyrA,87,D,N
Klebsiella pneumoniae,gyrA,87,D,A
Klebsiella pneumoniae,parC,80,S,I
Klebsiella pneumoniae,parC,80,S,R
Pseudomonas aeruginosa,gyrA,83,T,I
Pseudomonas aeruginosa,gyrA,87,D,N
Pseudomonas aeruginosa,gyrA,87,D,Y
Pseudomonas aeruginosa,gyrA,87,D,G
Pseudomonas aeruginosa,parC,80,S,L
Bacteroides fragilis,gyrA,82,S,L
Bacteroides fragilis,gyrA,82,S,F
Bacteroides fragilis,gyrA,86,Y,F
Enterococcus faecium,gyrA,83,S,I
Enterococcus faecium,parC,80,S,I
Lactobacillus delbrueckii,parC,80,S,L
Lactobacillus delbrueckii,parC,74,Y,F
Lactobacillus acidophilus,parC,80,S,L
Lactobacillus plantarum,parC,80,S,L
Lactobacillus delbrueckii,gyrA,83,S,L
Lactobacillus plantarum,gyrA,83,S,L
Lactobacillus plantarum,gyrA,87,D,N
Lactobacillus plantarum,gyrA,86,S,L
Lactobacillus plantarum,gyrA,90,E,D
Acinetobacter baumannii,gyrA,83,S,L
Acinetobacter baumannii,parC,80,S,L
Serratia marcescens,gyrA,83,S,F
Serratia marcescens,parC,84,S,I
Enterobacter cloacae,gyrA,83,S,F
Enterobacter cloacae,gyrA,83,S,I
Enterobacter cloacae,parC,80,S,I
Escherichia coli,gyrB,426,D,N
Escherichia coli,gyrB,447,K,E
Various Gram-negatives,parE,458,S,A
Various Gram-negatives,parE,416,L,F
Staphylococcus aureus,grlA,80,S,F
Staphylococcus aureus,grlA,80,S,F
Staphylococcus aureus,grlB,466,R,K
Streptococcus pneumoniae,grlA,81,S,F
